,segid,wordstart,wordend,word,fp,rp,rv,pw
0,46mb_026,0.05,0.21,if,0,0,0,0
1,46mb_026,0.21,0.34,you,0,0,0,0
2,46mb_026,0.34,0.53,ask,0,0,0,0
3,46mb_026,0.53,0.83,me,0,0,0,0
4,46mb_026,1.67,1.96,what,0,0,0,0
5,46mb_026,1.97,2.4,program,0,0,0,0
6,46mb_026,2.4,2.49,it,0,0,0,0
7,46mb_026,2.49,2.81,was,0,0,0,0
8,46mb_026,2.85,2.94,i,0,0,0,0
9,46mb_026,2.94,3.22,can't,0,0,0,0
10,46mb_026,3.22,3.38,tell,0,0,0,0
11,46mb_026,3.38,3.57,you,0,0,0,0
12,46mb_026,3.57,3.61,i,0,0,0,0
13,46mb_026,3.61,3.89,don't,0,0,0,0
14,46mb_026,4.04,4.19,remember,0,0,0,0
